{
  "data_path": "data/korean_finance_corpus.txt",
  "vocab_size": 370,
  "block_size": 64,
  "n_embd": 96,
  "n_head": 4,
  "n_layer": 3,
  "dropout": 0.1,
  "batch_size": 32,
  "max_iters": 120,
  "learning_rate": 0.003,
  "seed": 42,
  "device": "cpu",
  "final_train_loss": 1.1248372197151184,
  "final_val_loss": 3.8741584505353654,
  "stoi": {
    "\n": 0,
    " ": 1,
    ",": 2,
    "-": 3,
    ".": 4,
    "G": 5,
    "K": 6,
    "L": 7,
    "M": 8,
    "N": 9,
    "P": 10,
    "Q": 11,
    "S": 12,
    "T": 13,
    "V": 14,
    "_": 15,
    "a": 16,
    "b": 17,
    "c": 18,
    "d": 19,
    "e": 20,
    "f": 21,
    "g": 22,
    "h": 23,
    "i": 24,
    "k": 25,
    "l": 26,
    "m": 27,
    "n": 28,
    "o": 29,
    "p": 30,
    "r": 31,
    "s": 32,
    "t": 33,
    "u": 34,
    "x": 35,
    "y": 36,
    "z": 37,
    "가": 38,
    "각": 39,
    "간": 40,
    "감": 41,
    "값": 42,
    "강": 43,
    "같": 44,
    "개": 45,
    "객": 46,
    "거": 47,
    "건": 48,
    "검": 49,
    "것": 50,
    "게": 51,
    "겨": 52,
    "격": 53,
    "결": 54,
    "겸": 55,
    "경": 56,
    "계": 57,
    "고": 58,
    "곧": 59,
    "곱": 60,
    "공": 61,
    "과": 62,
    "관": 63,
    "교": 64,
    "구": 65,
    "국": 66,
    "권": 67,
    "규": 68,
    "균": 69,
    "그": 70,
    "근": 71,
    "글": 72,
    "금": 73,
    "기": 74,
    "긴": 75,
    "길": 76,
    "까": 77,
    "깝": 78,
    "께": 79,
    "꾸": 80,
    "꾼": 81,
    "나": 82,
    "남": 83,
    "낮": 84,
    "내": 85,
    "낸": 86,
    "낼": 87,
    "네": 88,
    "높": 89,
    "누": 90,
    "뉴": 91,
    "는": 92,
    "능": 93,
    "니": 94,
    "닉": 95,
    "다": 96,
    "단": 97,
    "달": 98,
    "담": 99,
    "답": 100,
    "대": 101,
    "더": 102,
    "데": 103,
    "델": 104,
    "도": 105,
    "돌": 106,
    "돕": 107,
    "동": 108,
    "되": 109,
    "된": 110,
    "될": 111,
    "드": 112,
    "득": 113,
    "든": 114,
    "들": 115,
    "듯": 116,
    "등": 117,
    "딩": 118,
    "따": 119,
    "때": 120,
    "떤": 121,
    "뜻": 122,
    "라": 123,
    "락": 124,
    "람": 125,
    "래": 126,
    "램": 127,
    "량": 128,
    "러": 129,
    "럴": 130,
    "럼": 131,
    "려": 132,
    "력": 133,
    "련": 134,
    "렬": 135,
    "로": 136,
    "록": 137,
    "롭": 138,
    "루": 139,
    "률": 140,
    "르": 141,
    "를": 142,
    "름": 143,
    "리": 144,
    "릴": 145,
    "링": 146,
    "마": 147,
    "막": 148,
    "만": 149,
    "많": 150,
    "말": 151,
    "망": 152,
    "맞": 153,
    "매": 154,
    "맥": 155,
    "멀": 156,
    "며": 157,
    "면": 158,
    "명": 159,
    "모": 160,
    "목": 161,
    "못": 162,
    "무": 163,
    "문": 164,
    "뭉": 165,
    "므": 166,
    "미": 167,
    "민": 168,
    "바": 169,
    "밖": 170,
    "반": 171,
    "방": 172,
    "배": 173,
    "번": 174,
    "베": 175,
    "벡": 176,
    "벽": 177,
    "변": 178,
    "별": 179,
    "병": 180,
    "보": 181,
    "복": 182,
    "볼": 183,
    "부": 184,
    "분": 185,
    "불": 186,
    "블": 187,
    "비": 188,
    "빅": 189,
    "빠": 190,
    "뿐": 191,
    "사": 192,
    "산": 193,
    "상": 194,
    "새": 195,
    "샘": 196,
    "생": 197,
    "서": 198,
    "석": 199,
    "섞": 200,
    "선": 201,
    "설": 202,
    "성": 203,
    "셋": 204,
    "션": 205,
    "소": 206,
    "속": 207,
    "손": 208,
    "수": 209,
    "순": 210,
    "술": 211,
    "숫": 212,
    "스": 213,
    "습": 214,
    "시": 215,
    "식": 216,
    "신": 217,
    "실": 218,
    "심": 219,
    "쌓": 220,
    "씩": 221,
    "아": 222,
    "안": 223,
    "않": 224,
    "압": 225,
    "앞": 226,
    "애": 227,
    "야": 228,
    "약": 229,
    "양": 230,
    "어": 231,
    "언": 232,
    "업": 233,
    "없": 234,
    "엇": 235,
    "에": 236,
    "엔": 237,
    "여": 238,
    "역": 239,
    "연": 240,
    "예": 241,
    "오": 242,
    "와": 243,
    "완": 244,
    "요": 245,
    "용": 246,
    "우": 247,
    "운": 248,
    "움": 249,
    "웃": 250,
    "워": 251,
    "원": 252,
    "위": 253,
    "유": 254,
    "육": 255,
    "윤": 256,
    "율": 257,
    "융": 258,
    "으": 259,
    "은": 260,
    "을": 261,
    "음": 262,
    "응": 263,
    "의": 264,
    "이": 265,
    "익": 266,
    "인": 267,
    "일": 268,
    "읽": 269,
    "임": 270,
    "입": 271,
    "있": 272,
    "자": 273,
    "작": 274,
    "잔": 275,
    "잘": 276,
    "장": 277,
    "재": 278,
    "저": 279,
    "적": 280,
    "전": 281,
    "점": 282,
    "접": 283,
    "정": 284,
    "제": 285,
    "젝": 286,
    "조": 287,
    "존": 288,
    "좋": 289,
    "주": 290,
    "준": 291,
    "줄": 292,
    "중": 293,
    "증": 294,
    "지": 295,
    "직": 296,
    "진": 297,
    "질": 298,
    "집": 299,
    "짧": 300,
    "차": 301,
    "참": 302,
    "찾": 303,
    "책": 304,
    "처": 305,
    "체": 306,
    "쳐": 307,
    "축": 308,
    "출": 309,
    "충": 310,
    "측": 311,
    "치": 312,
    "칠": 313,
    "칸": 314,
    "케": 315,
    "퀀": 316,
    "크": 317,
    "큰": 318,
    "큼": 319,
    "키": 320,
    "타": 321,
    "태": 322,
    "택": 323,
    "터": 324,
    "턴": 325,
    "텐": 326,
    "템": 327,
    "토": 328,
    "투": 329,
    "트": 330,
    "특": 331,
    "틀": 332,
    "티": 333,
    "판": 334,
    "패": 335,
    "편": 336,
    "펼": 337,
    "평": 338,
    "포": 339,
    "표": 340,
    "프": 341,
    "플": 342,
    "피": 343,
    "필": 344,
    "하": 345,
    "학": 346,
    "한": 347,
    "할": 348,
    "함": 349,
    "합": 350,
    "해": 351,
    "했": 352,
    "행": 353,
    "향": 354,
    "허": 355,
    "험": 356,
    "헤": 357,
    "현": 358,
    "형": 359,
    "호": 360,
    "화": 361,
    "확": 362,
    "환": 363,
    "회": 364,
    "후": 365,
    "휘": 366,
    "흉": 367,
    "흐": 368,
    "히": 369
  }
}